GENERATION_PROJECT,PERIOD,gen_tech,gen_load_zone,gen_energy_source,GenCapacity,GenCapitalCosts,GenFixedOMCosts
Oahu_AES,2020,AES,Oahu,multiple,180,3.13312e+07,1.46776e+07
Oahu_Airport_DSG,2020,Airport_DSG,Oahu,multiple,8,283792,67349.5
Oahu_Airport_DSG,2022,Airport_DSG,Oahu,multiple,8,283792,67349.5
Oahu_Airport_DSG,2025,Airport_DSG,Oahu,multiple,8,283792,67349.5
Oahu_Airport_DSG,2030,Airport_DSG,Oahu,multiple,8,283792,67349.5
Oahu_Airport_DSG,2035,Airport_DSG,Oahu,multiple,8,283792,67349.5
Oahu_Airport_DSG,2040,Airport_DSG,Oahu,multiple,8,283792,67349.5
Oahu_Airport_DSG,2045,Airport_DSG,Oahu,multiple,8,283792,67349.5
Oahu_Battery_Bulk,2020,Battery_Bulk,Oahu,Battery,0,0,0
Oahu_Battery_Bulk,2022,Battery_Bulk,Oahu,Battery,139.5,1.01621e+07,4.28373e+06
Oahu_Battery_Bulk,2025,Battery_Bulk,Oahu,Battery,139.5,1.01621e+07,4.28373e+06
Oahu_Battery_Bulk,2030,Battery_Bulk,Oahu,Battery,139.5,1.01621e+07,4.28373e+06
Oahu_Battery_Bulk,2035,Battery_Bulk,Oahu,Battery,139.5,1.01621e+07,4.28373e+06
Oahu_Battery_Bulk,2040,Battery_Bulk,Oahu,Battery,288.302,1.28655e+07,5.42331e+06
Oahu_Battery_Bulk,2045,Battery_Bulk,Oahu,Battery,675.307,2.8902e+07,1.21833e+07
Oahu_Battery_Conting,2020,Battery_Conting,Oahu,Battery,26.8885,2.50497e+06,915996
Oahu_Battery_Conting,2022,Battery_Conting,Oahu,Battery,45.6595,4.08128e+06,1.49241e+06
Oahu_Battery_Conting,2025,Battery_Conting,Oahu,Battery,45.6595,4.08128e+06,1.49241e+06
Oahu_Battery_Conting,2030,Battery_Conting,Oahu,Battery,68.318,5.41342e+06,1.97954e+06
Oahu_Battery_Conting,2035,Battery_Conting,Oahu,Battery,41.4296,2.90845e+06,1.06354e+06
Oahu_Battery_Conting,2040,Battery_Conting,Oahu,Battery,22.6585,1.33213e+06,487124
Oahu_Battery_Conting,2045,Battery_Conting,Oahu,Battery,0,0,0
Oahu_Battery_Reg,2020,Battery_Reg,Oahu,Battery,0,0,0
Oahu_Battery_Reg,2022,Battery_Reg,Oahu,Battery,0,0,0
Oahu_Battery_Reg,2025,Battery_Reg,Oahu,Battery,0,0,0
Oahu_Battery_Reg,2030,Battery_Reg,Oahu,Battery,0,0,0
Oahu_Battery_Reg,2035,Battery_Reg,Oahu,Battery,0,0,0
Oahu_Battery_Reg,2040,Battery_Reg,Oahu,Battery,0,0,0
Oahu_Battery_Reg,2045,Battery_Reg,Oahu,Battery,0,0,0
Oahu_CC_152,2020,CC_152,Oahu,multiple,0,0,0
Oahu_CC_152,2022,CC_152,Oahu,multiple,0,0,0
Oahu_CC_152,2025,CC_152,Oahu,multiple,0,0,0
Oahu_CC_152,2030,CC_152,Oahu,multiple,0,0,0
Oahu_CC_152,2035,CC_152,Oahu,multiple,0,0,0
Oahu_CC_152,2040,CC_152,Oahu,multiple,0,0,0
Oahu_CC_152,2045,CC_152,Oahu,multiple,0,0,0
Oahu_CIP_CT,2020,CIP_CT,Oahu,multiple,113,4.00856e+06,1.69497e+06
Oahu_CIP_CT,2022,CIP_CT,Oahu,multiple,113,4.00856e+06,1.69497e+06
Oahu_CIP_CT,2025,CIP_CT,Oahu,multiple,113,4.00856e+06,1.69497e+06
Oahu_CIP_CT,2030,CIP_CT,Oahu,multiple,113,4.00856e+06,1.69497e+06
Oahu_CIP_CT,2035,CIP_CT,Oahu,multiple,113,4.00856e+06,1.69497e+06
Oahu_CIP_CT,2040,CIP_CT,Oahu,multiple,113,4.00856e+06,1.69497e+06
Oahu_CIP_CT,2045,CIP_CT,Oahu,multiple,113,4.00856e+06,1.69497e+06
Oahu_CentralTrackingPV_PV_01,2020,CentralTrackingPV,Oahu,SUN,27.6,8.95051e+06,670995
Oahu_CentralTrackingPV_PV_01,2022,CentralTrackingPV,Oahu,SUN,27.6,8.95051e+06,670995
Oahu_CentralTrackingPV_PV_01,2025,CentralTrackingPV,Oahu,SUN,27.6,8.95051e+06,670995
Oahu_CentralTrackingPV_PV_01,2030,CentralTrackingPV,Oahu,SUN,27.6,8.95051e+06,670995
Oahu_CentralTrackingPV_PV_01,2035,CentralTrackingPV,Oahu,SUN,27.6,8.95051e+06,670995
Oahu_CentralTrackingPV_PV_01,2040,CentralTrackingPV,Oahu,SUN,27.6,8.95051e+06,670995
Oahu_CentralTrackingPV_PV_01,2045,CentralTrackingPV,Oahu,SUN,27.6,8.95051e+06,670995
Oahu_CentralTrackingPV_PV_02,2020,CentralTrackingPV,Oahu,SUN,0,0,0
Oahu_CentralTrackingPV_PV_02,2022,CentralTrackingPV,Oahu,SUN,0,0,0
Oahu_CentralTrackingPV_PV_02,2025,CentralTrackingPV,Oahu,SUN,0,0,0
Oahu_CentralTrackingPV_PV_02,2030,CentralTrackingPV,Oahu,SUN,0,0,0
Oahu_CentralTrackingPV_PV_02,2035,CentralTrackingPV,Oahu,SUN,0,0,0
Oahu_CentralTrackingPV_PV_02,2040,CentralTrackingPV,Oahu,SUN,0,0,0
Oahu_CentralTrackingPV_PV_02,2045,CentralTrackingPV,Oahu,SUN,0,0,0
Oahu_CentralTrackingPV_PV_03,2020,CentralTrackingPV,Oahu,SUN,0,0,0
Oahu_CentralTrackingPV_PV_03,2022,CentralTrackingPV,Oahu,SUN,0,0,0
Oahu_CentralTrackingPV_PV_03,2025,CentralTrackingPV,Oahu,SUN,0,0,0
Oahu_CentralTrackingPV_PV_03,2030,CentralTrackingPV,Oahu,SUN,0,0,0
Oahu_CentralTrackingPV_PV_03,2035,CentralTrackingPV,Oahu,SUN,0,0,0
Oahu_CentralTrackingPV_PV_03,2040,CentralTrackingPV,Oahu,SUN,0,0,0
Oahu_CentralTrackingPV_PV_03,2045,CentralTrackingPV,Oahu,SUN,0,0,0
Oahu_CentralTrackingPV_PV_04,2020,CentralTrackingPV,Oahu,SUN,5,2.25053e+06,121557
Oahu_CentralTrackingPV_PV_04,2022,CentralTrackingPV,Oahu,SUN,246.035,3.39895e+07,3.24899e+06
Oahu_CentralTrackingPV_PV_04,2025,CentralTrackingPV,Oahu,SUN,246.035,3.39895e+07,3.24899e+06
Oahu_CentralTrackingPV_PV_04,2030,CentralTrackingPV,Oahu,SUN,246.035,3.39895e+07,3.24899e+06
Oahu_CentralTrackingPV_PV_04,2035,CentralTrackingPV,Oahu,SUN,246.035,3.39895e+07,3.24899e+06
Oahu_CentralTrackingPV_PV_04,2040,CentralTrackingPV,Oahu,SUN,246.035,3.39895e+07,3.24899e+06
Oahu_CentralTrackingPV_PV_04,2045,CentralTrackingPV,Oahu,SUN,241.035,3.1739e+07,3.12743e+06
Oahu_CentralTrackingPV_PV_05,2020,CentralTrackingPV,Oahu,SUN,32.2425,4.457e+06,440401
Oahu_CentralTrackingPV_PV_05,2022,CentralTrackingPV,Oahu,SUN,34.1891,4.71268e+06,465657
Oahu_CentralTrackingPV_PV_05,2025,CentralTrackingPV,Oahu,SUN,34.1891,4.71268e+06,465657
Oahu_CentralTrackingPV_PV_05,2030,CentralTrackingPV,Oahu,SUN,34.1891,4.71268e+06,465657
Oahu_CentralTrackingPV_PV_05,2035,CentralTrackingPV,Oahu,SUN,34.1891,4.71268e+06,465657
Oahu_CentralTrackingPV_PV_05,2040,CentralTrackingPV,Oahu,SUN,34.1891,4.71268e+06,465657
Oahu_CentralTrackingPV_PV_05,2045,CentralTrackingPV,Oahu,SUN,34.1891,4.71268e+06,465657
Oahu_CentralTrackingPV_PV_06,2020,CentralTrackingPV,Oahu,SUN,0,0,0
Oahu_CentralTrackingPV_PV_06,2022,CentralTrackingPV,Oahu,SUN,0,0,0
Oahu_CentralTrackingPV_PV_06,2025,CentralTrackingPV,Oahu,SUN,0,0,0
Oahu_CentralTrackingPV_PV_06,2030,CentralTrackingPV,Oahu,SUN,0,0,0
Oahu_CentralTrackingPV_PV_06,2035,CentralTrackingPV,Oahu,SUN,0,0,0
Oahu_CentralTrackingPV_PV_06,2040,CentralTrackingPV,Oahu,SUN,0,0,0
Oahu_CentralTrackingPV_PV_06,2045,CentralTrackingPV,Oahu,SUN,5.40066,495368,49167.9
Oahu_CentralTrackingPV_PV_07,2020,CentralTrackingPV,Oahu,SUN,60.6,8.44239e+06,833688
Oahu_CentralTrackingPV_PV_07,2022,CentralTrackingPV,Oahu,SUN,60.6,8.44239e+06,833688
Oahu_CentralTrackingPV_PV_07,2025,CentralTrackingPV,Oahu,SUN,60.6,8.44239e+06,833688
Oahu_CentralTrackingPV_PV_07,2030,CentralTrackingPV,Oahu,SUN,60.6,8.44239e+06,833688
Oahu_CentralTrackingPV_PV_07,2035,CentralTrackingPV,Oahu,SUN,60.6,8.44239e+06,833688
Oahu_CentralTrackingPV_PV_07,2040,CentralTrackingPV,Oahu,SUN,60.6,8.44239e+06,833688
Oahu_CentralTrackingPV_PV_07,2045,CentralTrackingPV,Oahu,SUN,346.514,3.48836e+07,3.43667e+06
Oahu_CentralTrackingPV_PV_08,2020,CentralTrackingPV,Oahu,SUN,0,0,0
Oahu_CentralTrackingPV_PV_08,2022,CentralTrackingPV,Oahu,SUN,0,0,0
Oahu_CentralTrackingPV_PV_08,2025,CentralTrackingPV,Oahu,SUN,0,0,0
Oahu_CentralTrackingPV_PV_08,2030,CentralTrackingPV,Oahu,SUN,0,0,0
Oahu_CentralTrackingPV_PV_08,2035,CentralTrackingPV,Oahu,SUN,0,0,0
Oahu_CentralTrackingPV_PV_08,2040,CentralTrackingPV,Oahu,SUN,0,0,0
Oahu_CentralTrackingPV_PV_08,2045,CentralTrackingPV,Oahu,SUN,0,0,0
Oahu_CentralTrackingPV_PV_09,2020,CentralTrackingPV,Oahu,SUN,0,0,0
Oahu_CentralTrackingPV_PV_09,2022,CentralTrackingPV,Oahu,SUN,0,0,0
Oahu_CentralTrackingPV_PV_09,2025,CentralTrackingPV,Oahu,SUN,0,0,0
Oahu_CentralTrackingPV_PV_09,2030,CentralTrackingPV,Oahu,SUN,0,0,0
Oahu_CentralTrackingPV_PV_09,2035,CentralTrackingPV,Oahu,SUN,0,0,0
Oahu_CentralTrackingPV_PV_09,2040,CentralTrackingPV,Oahu,SUN,0,0,0
Oahu_CentralTrackingPV_PV_09,2045,CentralTrackingPV,Oahu,SUN,0,0,0
Oahu_CentralTrackingPV_PV_10,2020,CentralTrackingPV,Oahu,SUN,0,0,0
Oahu_CentralTrackingPV_PV_10,2022,CentralTrackingPV,Oahu,SUN,0,0,0
Oahu_CentralTrackingPV_PV_10,2025,CentralTrackingPV,Oahu,SUN,0,0,0
Oahu_CentralTrackingPV_PV_10,2030,CentralTrackingPV,Oahu,SUN,0,0,0
Oahu_CentralTrackingPV_PV_10,2035,CentralTrackingPV,Oahu,SUN,0,0,0
Oahu_CentralTrackingPV_PV_10,2040,CentralTrackingPV,Oahu,SUN,0,0,0
Oahu_CentralTrackingPV_PV_10,2045,CentralTrackingPV,Oahu,SUN,1013.37,9.46565e+07,9.22578e+06
Oahu_CentralTrackingPV_PV_11,2020,CentralTrackingPV,Oahu,SUN,49,6.89917e+06,674104
Oahu_CentralTrackingPV_PV_11,2022,CentralTrackingPV,Oahu,SUN,346.392,4.64305e+07,4.53277e+06
Oahu_CentralTrackingPV_PV_11,2025,CentralTrackingPV,Oahu,SUN,346.392,4.64305e+07,4.53277e+06
Oahu_CentralTrackingPV_PV_11,2030,CentralTrackingPV,Oahu,SUN,346.392,4.64305e+07,4.53277e+06
Oahu_CentralTrackingPV_PV_11,2035,CentralTrackingPV,Oahu,SUN,346.392,4.64305e+07,4.53277e+06
Oahu_CentralTrackingPV_PV_11,2040,CentralTrackingPV,Oahu,SUN,346.392,4.64305e+07,4.53277e+06
Oahu_CentralTrackingPV_PV_11,2045,CentralTrackingPV,Oahu,SUN,346.392,4.64305e+07,4.53277e+06
Oahu_CentralTrackingPV_PV_12,2020,CentralTrackingPV,Oahu,SUN,0,0,0
Oahu_CentralTrackingPV_PV_12,2022,CentralTrackingPV,Oahu,SUN,246.924,3.29106e+07,3.20385e+06
Oahu_CentralTrackingPV_PV_12,2025,CentralTrackingPV,Oahu,SUN,246.924,3.29106e+07,3.20385e+06
Oahu_CentralTrackingPV_PV_12,2030,CentralTrackingPV,Oahu,SUN,246.924,3.29106e+07,3.20385e+06
Oahu_CentralTrackingPV_PV_12,2035,CentralTrackingPV,Oahu,SUN,246.924,3.29106e+07,3.20385e+06
Oahu_CentralTrackingPV_PV_12,2040,CentralTrackingPV,Oahu,SUN,246.924,3.29106e+07,3.20385e+06
Oahu_CentralTrackingPV_PV_12,2045,CentralTrackingPV,Oahu,SUN,246.924,3.29106e+07,3.20385e+06
Oahu_CentralTrackingPV_PV_13,2020,CentralTrackingPV,Oahu,SUN,0,0,0
Oahu_CentralTrackingPV_PV_13,2022,CentralTrackingPV,Oahu,SUN,63.4502,8.45037e+06,823268
Oahu_CentralTrackingPV_PV_13,2025,CentralTrackingPV,Oahu,SUN,63.4502,8.45037e+06,823268
Oahu_CentralTrackingPV_PV_13,2030,CentralTrackingPV,Oahu,SUN,63.4502,8.45037e+06,823268
Oahu_CentralTrackingPV_PV_13,2035,CentralTrackingPV,Oahu,SUN,63.4502,8.45037e+06,823268
Oahu_CentralTrackingPV_PV_13,2040,CentralTrackingPV,Oahu,SUN,63.4502,8.45037e+06,823268
Oahu_CentralTrackingPV_PV_13,2045,CentralTrackingPV,Oahu,SUN,210.816,2.23352e+07,2.1649e+06
Oahu_CentralTrackingPV_PV_14,2020,CentralTrackingPV,Oahu,SUN,0,0,0
Oahu_CentralTrackingPV_PV_14,2022,CentralTrackingPV,Oahu,SUN,0,0,0
Oahu_CentralTrackingPV_PV_14,2025,CentralTrackingPV,Oahu,SUN,0,0,0
Oahu_CentralTrackingPV_PV_14,2030,CentralTrackingPV,Oahu,SUN,0,0,0
Oahu_CentralTrackingPV_PV_14,2035,CentralTrackingPV,Oahu,SUN,0,0,0
Oahu_CentralTrackingPV_PV_14,2040,CentralTrackingPV,Oahu,SUN,0,0,0
Oahu_CentralTrackingPV_PV_14,2045,CentralTrackingPV,Oahu,SUN,0,0,0
Oahu_CentralTrackingPV_PV_15,2020,CentralTrackingPV,Oahu,SUN,0,0,0
Oahu_CentralTrackingPV_PV_15,2022,CentralTrackingPV,Oahu,SUN,0,0,0
Oahu_CentralTrackingPV_PV_15,2025,CentralTrackingPV,Oahu,SUN,0,0,0
Oahu_CentralTrackingPV_PV_15,2030,CentralTrackingPV,Oahu,SUN,0,0,0
Oahu_CentralTrackingPV_PV_15,2035,CentralTrackingPV,Oahu,SUN,0,0,0
Oahu_CentralTrackingPV_PV_15,2040,CentralTrackingPV,Oahu,SUN,0,0,0
Oahu_CentralTrackingPV_PV_15,2045,CentralTrackingPV,Oahu,SUN,0,0,0
Oahu_CentralTrackingPV_PV_16,2020,CentralTrackingPV,Oahu,SUN,0,0,0
Oahu_CentralTrackingPV_PV_16,2022,CentralTrackingPV,Oahu,SUN,0,0,0
Oahu_CentralTrackingPV_PV_16,2025,CentralTrackingPV,Oahu,SUN,0,0,0
Oahu_CentralTrackingPV_PV_16,2030,CentralTrackingPV,Oahu,SUN,0,0,0
Oahu_CentralTrackingPV_PV_16,2035,CentralTrackingPV,Oahu,SUN,0,0,0
Oahu_CentralTrackingPV_PV_16,2040,CentralTrackingPV,Oahu,SUN,0,0,0
Oahu_CentralTrackingPV_PV_16,2045,CentralTrackingPV,Oahu,SUN,254.377,2.36823e+07,2.31586e+06
Oahu_CentralTrackingPV_PV_17,2020,CentralTrackingPV,Oahu,SUN,0,0,0
Oahu_CentralTrackingPV_PV_17,2022,CentralTrackingPV,Oahu,SUN,0,0,0
Oahu_CentralTrackingPV_PV_17,2025,CentralTrackingPV,Oahu,SUN,0,0,0
Oahu_CentralTrackingPV_PV_17,2030,CentralTrackingPV,Oahu,SUN,0,0,0
Oahu_CentralTrackingPV_PV_17,2035,CentralTrackingPV,Oahu,SUN,0,0,0
Oahu_CentralTrackingPV_PV_17,2040,CentralTrackingPV,Oahu,SUN,0,0,0
Oahu_CentralTrackingPV_PV_17,2045,CentralTrackingPV,Oahu,SUN,8.01187,748917,72940.4
Oahu_CentralTrackingPV_PV_18,2020,CentralTrackingPV,Oahu,SUN,0,0,0
Oahu_CentralTrackingPV_PV_18,2022,CentralTrackingPV,Oahu,SUN,0,0,0
Oahu_CentralTrackingPV_PV_18,2025,CentralTrackingPV,Oahu,SUN,0,0,0
Oahu_CentralTrackingPV_PV_18,2030,CentralTrackingPV,Oahu,SUN,0,0,0
Oahu_CentralTrackingPV_PV_18,2035,CentralTrackingPV,Oahu,SUN,0,0,0
Oahu_CentralTrackingPV_PV_18,2040,CentralTrackingPV,Oahu,SUN,0,0,0
Oahu_CentralTrackingPV_PV_18,2045,CentralTrackingPV,Oahu,SUN,0,0,0
Oahu_DistBattery,2020,DistBattery,Oahu,Battery,31.941,2.5813e+06,1.08812e+06
Oahu_DistBattery,2022,DistBattery,Oahu,Battery,54.602,4.23208e+06,1.78399e+06
Oahu_DistBattery,2025,DistBattery,Oahu,Battery,66.011,4.92683e+06,2.07685e+06
Oahu_DistBattery,2030,DistBattery,Oahu,Battery,99.398,6.62957e+06,2.79462e+06
Oahu_DistBattery,2035,DistBattery,Oahu,Battery,144.287,7.72171e+06,3.255e+06
Oahu_DistBattery,2040,DistBattery,Oahu,Battery,193.009,9.07078e+06,3.82368e+06
Oahu_DistBattery,2045,DistBattery,Oahu,Battery,244.132,1.08699e+07,4.58209e+06
Oahu_FlatDistPV_Oahu_FlatDistPV_0,2020,FlatDistPV,Oahu,SUN,240.811,6.45101e+07,2.01039e+06
Oahu_FlatDistPV_Oahu_FlatDistPV_0,2022,FlatDistPV,Oahu,SUN,293.156,7.47278e+07,2.86682e+06
Oahu_FlatDistPV_Oahu_FlatDistPV_0,2025,FlatDistPV,Oahu,SUN,359.733,8.68014e+07,3.8788e+06
Oahu_FlatDistPV_Oahu_FlatDistPV_0,2030,FlatDistPV,Oahu,SUN,501.463,1.09232e+08,5.75886e+06
Oahu_FlatDistPV_Oahu_FlatDistPV_0,2035,FlatDistPV,Oahu,SUN,617.687,1.2676e+08,7.22804e+06
Oahu_FlatDistPV_Oahu_FlatDistPV_0,2040,FlatDistPV,Oahu,SUN,617.687,1.2676e+08,7.22804e+06
Oahu_FlatDistPV_Oahu_FlatDistPV_0,2045,FlatDistPV,Oahu,SUN,617.687,1.2676e+08,7.22804e+06
Oahu_FlatDistPV_Oahu_FlatDistPV_1,2020,FlatDistPV,Oahu,SUN,15.0322,4.9739e+06,0
Oahu_FlatDistPV_Oahu_FlatDistPV_1,2022,FlatDistPV,Oahu,SUN,15.0322,4.9739e+06,0
Oahu_FlatDistPV_Oahu_FlatDistPV_1,2025,FlatDistPV,Oahu,SUN,15.0322,4.9739e+06,0
Oahu_FlatDistPV_Oahu_FlatDistPV_1,2030,FlatDistPV,Oahu,SUN,15.0322,4.9739e+06,0
Oahu_FlatDistPV_Oahu_FlatDistPV_1,2035,FlatDistPV,Oahu,SUN,15.0322,4.9739e+06,0
Oahu_FlatDistPV_Oahu_FlatDistPV_1,2040,FlatDistPV,Oahu,SUN,15.0322,4.9739e+06,0
Oahu_FlatDistPV_Oahu_FlatDistPV_1,2045,FlatDistPV,Oahu,SUN,15.0322,4.9739e+06,0
Oahu_FlatDistPV_Oahu_FlatDistPV_2,2020,FlatDistPV,Oahu,SUN,0,0,0
Oahu_FlatDistPV_Oahu_FlatDistPV_2,2022,FlatDistPV,Oahu,SUN,0,0,0
Oahu_FlatDistPV_Oahu_FlatDistPV_2,2025,FlatDistPV,Oahu,SUN,0,0,0
Oahu_FlatDistPV_Oahu_FlatDistPV_2,2030,FlatDistPV,Oahu,SUN,0,0,0
Oahu_FlatDistPV_Oahu_FlatDistPV_2,2035,FlatDistPV,Oahu,SUN,0,0,0
Oahu_FlatDistPV_Oahu_FlatDistPV_2,2040,FlatDistPV,Oahu,SUN,0,0,0
Oahu_FlatDistPV_Oahu_FlatDistPV_2,2045,FlatDistPV,Oahu,SUN,0,0,0
Oahu_FlatDistPV_Oahu_FlatDistPV_3,2020,FlatDistPV,Oahu,SUN,42.7572,1.41477e+07,0
Oahu_FlatDistPV_Oahu_FlatDistPV_3,2022,FlatDistPV,Oahu,SUN,42.7572,1.41477e+07,0
Oahu_FlatDistPV_Oahu_FlatDistPV_3,2025,FlatDistPV,Oahu,SUN,42.7572,1.41477e+07,0
Oahu_FlatDistPV_Oahu_FlatDistPV_3,2030,FlatDistPV,Oahu,SUN,42.7572,1.41477e+07,0
Oahu_FlatDistPV_Oahu_FlatDistPV_3,2035,FlatDistPV,Oahu,SUN,67.812,1.79263e+07,316716
Oahu_FlatDistPV_Oahu_FlatDistPV_3,2040,FlatDistPV,Oahu,SUN,67.812,1.79263e+07,316716
Oahu_FlatDistPV_Oahu_FlatDistPV_3,2045,FlatDistPV,Oahu,SUN,67.812,1.79263e+07,316716
Oahu_H-Power,2020,H-Power,Oahu,MSW,73,1.24179e+07,5.95259e+06
Oahu_H-Power,2022,H-Power,Oahu,MSW,73,1.24179e+07,5.95259e+06
Oahu_H-Power,2025,H-Power,Oahu,MSW,73,1.24179e+07,5.95259e+06
Oahu_H-Power,2030,H-Power,Oahu,MSW,73,1.24179e+07,5.95259e+06
Oahu_H-Power,2035,H-Power,Oahu,MSW,73,1.24179e+07,5.95259e+06
Oahu_H-Power,2040,H-Power,Oahu,MSW,73,1.24179e+07,5.95259e+06
Oahu_H-Power,2045,H-Power,Oahu,MSW,73,1.24179e+07,5.95259e+06
Oahu_IC_Barge,2020,IC_Barge,Oahu,multiple,0,0,0
Oahu_IC_Barge,2022,IC_Barge,Oahu,multiple,0,0,0
Oahu_IC_Barge,2025,IC_Barge,Oahu,multiple,0,0,0
Oahu_IC_Barge,2030,IC_Barge,Oahu,multiple,0,0,0
Oahu_IC_Barge,2035,IC_Barge,Oahu,multiple,0,0,0
Oahu_IC_Barge,2040,IC_Barge,Oahu,multiple,0,0,0
Oahu_IC_Barge,2045,IC_Barge,Oahu,multiple,0,0,0
Oahu_IC_MCBH,2020,IC_MCBH,Oahu,multiple,0,0,0
Oahu_IC_MCBH,2022,IC_MCBH,Oahu,multiple,0,0,0
Oahu_IC_MCBH,2025,IC_MCBH,Oahu,multiple,0,0,0
Oahu_IC_MCBH,2030,IC_MCBH,Oahu,multiple,0,0,0
Oahu_IC_MCBH,2035,IC_MCBH,Oahu,multiple,0,0,0
Oahu_IC_MCBH,2040,IC_MCBH,Oahu,multiple,0,0,0
Oahu_IC_MCBH,2045,IC_MCBH,Oahu,multiple,0,0,0
Oahu_IC_Schofield,2020,IC_Schofield,Oahu,multiple,48.84,1.06045e+07,1.82176e+06
Oahu_IC_Schofield,2022,IC_Schofield,Oahu,multiple,48.84,1.06045e+07,1.82176e+06
Oahu_IC_Schofield,2025,IC_Schofield,Oahu,multiple,48.84,1.06045e+07,1.82176e+06
Oahu_IC_Schofield,2030,IC_Schofield,Oahu,multiple,48.84,1.06045e+07,1.82176e+06
Oahu_IC_Schofield,2035,IC_Schofield,Oahu,multiple,48.84,1.06045e+07,1.82176e+06
Oahu_IC_Schofield,2040,IC_Schofield,Oahu,multiple,48.84,1.06045e+07,1.82176e+06
Oahu_IC_Schofield,2045,IC_Schofield,Oahu,multiple,48.84,1.06045e+07,1.82176e+06
Oahu_Kahe_1,2020,Kahe_1,Oahu,multiple,82.1,2.92305e+06,876087
Oahu_Kahe_2,2020,Kahe_2,Oahu,multiple,82.1,2.92888e+06,876087
Oahu_Kahe_3,2020,Kahe_3,Oahu,multiple,86.1,3.11759e+06,918771
Oahu_Kahe_4,2020,Kahe_4,Oahu,multiple,85.3,3.10813e+06,910234
Oahu_Kahe_5,2020,Kahe_5,Oahu,multiple,134.3,4.70301e+06,1.43311e+06
Oahu_Kahe_5,2022,Kahe_5,Oahu,multiple,134.3,4.70301e+06,1.43311e+06
Oahu_Kahe_5,2025,Kahe_5,Oahu,multiple,134.3,4.70301e+06,1.43311e+06
Oahu_Kahe_5,2030,Kahe_5,Oahu,multiple,134.3,4.70301e+06,1.43311e+06
Oahu_Kahe_5,2035,Kahe_5,Oahu,multiple,134.3,4.70301e+06,1.43311e+06
Oahu_Kahe_5,2040,Kahe_5,Oahu,multiple,134.3,4.70301e+06,1.43311e+06
Oahu_Kahe_6,2020,Kahe_6,Oahu,multiple,134.4,4.7453e+06,1.43418e+06
Oahu_Kahe_6,2022,Kahe_6,Oahu,multiple,134.4,4.7453e+06,1.43418e+06
Oahu_Kahe_6,2025,Kahe_6,Oahu,multiple,134.4,4.7453e+06,1.43418e+06
Oahu_Kahe_6,2030,Kahe_6,Oahu,multiple,134.4,4.7453e+06,1.43418e+06
Oahu_Kahe_6,2035,Kahe_6,Oahu,multiple,134.4,4.7453e+06,1.43418e+06
Oahu_Kahe_6,2040,Kahe_6,Oahu,multiple,134.4,4.7453e+06,1.43418e+06
Oahu_Kalaeloa_CC1,2020,Kalaeloa_CC1,Oahu,multiple,90,3.85019e+06,4.13148e+06
Oahu_Kalaeloa_CC1,2022,Kalaeloa_CC1,Oahu,multiple,90,3.85019e+06,4.13148e+06
Oahu_Kalaeloa_CC1,2025,Kalaeloa_CC1,Oahu,multiple,90,3.85019e+06,4.13148e+06
Oahu_Kalaeloa_CC1,2030,Kalaeloa_CC1,Oahu,multiple,90,3.85019e+06,4.13148e+06
Oahu_Kalaeloa_CC1,2035,Kalaeloa_CC1,Oahu,multiple,90,3.85019e+06,4.13148e+06
Oahu_Kalaeloa_CC1,2040,Kalaeloa_CC1,Oahu,multiple,90,3.85019e+06,4.13148e+06
Oahu_Kalaeloa_CC1,2045,Kalaeloa_CC1,Oahu,multiple,90,3.85019e+06,4.13148e+06
Oahu_Kalaeloa_CC2,2020,Kalaeloa_CC2,Oahu,multiple,90,3.85019e+06,4.13148e+06
Oahu_Kalaeloa_CC2,2022,Kalaeloa_CC2,Oahu,multiple,90,3.85019e+06,4.13148e+06
Oahu_Kalaeloa_CC2,2025,Kalaeloa_CC2,Oahu,multiple,90,3.85019e+06,4.13148e+06
Oahu_Kalaeloa_CC2,2030,Kalaeloa_CC2,Oahu,multiple,90,3.85019e+06,4.13148e+06
Oahu_Kalaeloa_CC2,2035,Kalaeloa_CC2,Oahu,multiple,90,3.85019e+06,4.13148e+06
Oahu_Kalaeloa_CC2,2040,Kalaeloa_CC2,Oahu,multiple,90,3.85019e+06,4.13148e+06
Oahu_Kalaeloa_CC2,2045,Kalaeloa_CC2,Oahu,multiple,90,3.85019e+06,4.13148e+06
Oahu_Kalaeloa_CC3,2020,Kalaeloa_CC3,Oahu,multiple,28,1.19784e+06,1.28535e+06
Oahu_Kalaeloa_CC3,2022,Kalaeloa_CC3,Oahu,multiple,28,1.19784e+06,1.28535e+06
Oahu_Kalaeloa_CC3,2025,Kalaeloa_CC3,Oahu,multiple,28,1.19784e+06,1.28535e+06
Oahu_Kalaeloa_CC3,2030,Kalaeloa_CC3,Oahu,multiple,28,1.19784e+06,1.28535e+06
Oahu_Kalaeloa_CC3,2035,Kalaeloa_CC3,Oahu,multiple,28,1.19784e+06,1.28535e+06
Oahu_Kalaeloa_CC3,2040,Kalaeloa_CC3,Oahu,multiple,28,1.19784e+06,1.28535e+06
Oahu_Kalaeloa_CC3,2045,Kalaeloa_CC3,Oahu,multiple,28,1.19784e+06,1.28535e+06
Oahu_OffshoreWind_OffWind,2020,OffshoreWind,Oahu,WND,0,0,0
Oahu_OffshoreWind_OffWind,2022,OffshoreWind,Oahu,WND,0,0,0
Oahu_OffshoreWind_OffWind,2025,OffshoreWind,Oahu,WND,27.7325,1.19778e+07,2.04681e+06
Oahu_OffshoreWind_OffWind,2030,OffshoreWind,Oahu,WND,63.1268,2.48339e+07,4.31141e+06
Oahu_OffshoreWind_OffWind,2035,OffshoreWind,Oahu,WND,357.851,1.15372e+08,2.06588e+07
Oahu_OffshoreWind_OffWind,2040,OffshoreWind,Oahu,WND,390.52,1.23913e+08,2.22296e+07
Oahu_OffshoreWind_OffWind,2045,OffshoreWind,Oahu,WND,390.52,1.23913e+08,2.22296e+07
Oahu_OnshoreWind_OnWind_101,2020,OnshoreWind,Oahu,WND,0,0,0
Oahu_OnshoreWind_OnWind_101,2022,OnshoreWind,Oahu,WND,0,0,0
Oahu_OnshoreWind_OnWind_101,2025,OnshoreWind,Oahu,WND,0,0,0
Oahu_OnshoreWind_OnWind_101,2030,OnshoreWind,Oahu,WND,0,0,0
Oahu_OnshoreWind_OnWind_101,2035,OnshoreWind,Oahu,WND,0,0,0
Oahu_OnshoreWind_OnWind_101,2040,OnshoreWind,Oahu,WND,0,0,0
Oahu_OnshoreWind_OnWind_101,2045,OnshoreWind,Oahu,WND,0,0,0
Oahu_OnshoreWind_OnWind_102,2020,OnshoreWind,Oahu,WND,0,0,0
Oahu_OnshoreWind_OnWind_102,2022,OnshoreWind,Oahu,WND,0,0,0
Oahu_OnshoreWind_OnWind_102,2025,OnshoreWind,Oahu,WND,0,0,0
Oahu_OnshoreWind_OnWind_102,2030,OnshoreWind,Oahu,WND,0,0,0
Oahu_OnshoreWind_OnWind_102,2035,OnshoreWind,Oahu,WND,0,0,0
Oahu_OnshoreWind_OnWind_102,2040,OnshoreWind,Oahu,WND,0,0,0
Oahu_OnshoreWind_OnWind_102,2045,OnshoreWind,Oahu,WND,0,0,0
Oahu_OnshoreWind_OnWind_103,2020,OnshoreWind,Oahu,WND,0,0,0
Oahu_OnshoreWind_OnWind_103,2022,OnshoreWind,Oahu,WND,0,0,0
Oahu_OnshoreWind_OnWind_103,2025,OnshoreWind,Oahu,WND,0,0,0
Oahu_OnshoreWind_OnWind_103,2030,OnshoreWind,Oahu,WND,0,0,0
Oahu_OnshoreWind_OnWind_103,2035,OnshoreWind,Oahu,WND,0,0,0
Oahu_OnshoreWind_OnWind_103,2040,OnshoreWind,Oahu,WND,0,0,0
Oahu_OnshoreWind_OnWind_103,2045,OnshoreWind,Oahu,WND,0,0,0
Oahu_OnshoreWind_OnWind_104,2020,OnshoreWind,Oahu,WND,0,0,0
Oahu_OnshoreWind_OnWind_104,2022,OnshoreWind,Oahu,WND,0,0,0
Oahu_OnshoreWind_OnWind_104,2025,OnshoreWind,Oahu,WND,0,0,0
Oahu_OnshoreWind_OnWind_104,2030,OnshoreWind,Oahu,WND,0,0,0
Oahu_OnshoreWind_OnWind_104,2035,OnshoreWind,Oahu,WND,0,0,0
Oahu_OnshoreWind_OnWind_104,2040,OnshoreWind,Oahu,WND,0,0,0
Oahu_OnshoreWind_OnWind_104,2045,OnshoreWind,Oahu,WND,0,0,0
Oahu_OnshoreWind_OnWind_105,2020,OnshoreWind,Oahu,WND,0,0,0
Oahu_OnshoreWind_OnWind_105,2022,OnshoreWind,Oahu,WND,0,0,0
Oahu_OnshoreWind_OnWind_105,2025,OnshoreWind,Oahu,WND,0,0,0
Oahu_OnshoreWind_OnWind_105,2030,OnshoreWind,Oahu,WND,0,0,0
Oahu_OnshoreWind_OnWind_105,2035,OnshoreWind,Oahu,WND,0,0,0
Oahu_OnshoreWind_OnWind_105,2040,OnshoreWind,Oahu,WND,0,0,0
Oahu_OnshoreWind_OnWind_105,2045,OnshoreWind,Oahu,WND,0,0,0
Oahu_OnshoreWind_OnWind_106,2020,OnshoreWind,Oahu,WND,0,0,0
Oahu_OnshoreWind_OnWind_106,2022,OnshoreWind,Oahu,WND,0,0,0
Oahu_OnshoreWind_OnWind_106,2025,OnshoreWind,Oahu,WND,0,0,0
Oahu_OnshoreWind_OnWind_106,2030,OnshoreWind,Oahu,WND,0,0,0
Oahu_OnshoreWind_OnWind_106,2035,OnshoreWind,Oahu,WND,0,0,0
Oahu_OnshoreWind_OnWind_106,2040,OnshoreWind,Oahu,WND,0,0,0
Oahu_OnshoreWind_OnWind_106,2045,OnshoreWind,Oahu,WND,0,0,0
Oahu_OnshoreWind_OnWind_107,2020,OnshoreWind,Oahu,WND,0,0,0
Oahu_OnshoreWind_OnWind_107,2022,OnshoreWind,Oahu,WND,0,0,0
Oahu_OnshoreWind_OnWind_107,2025,OnshoreWind,Oahu,WND,0,0,0
Oahu_OnshoreWind_OnWind_107,2030,OnshoreWind,Oahu,WND,0,0,0
Oahu_OnshoreWind_OnWind_107,2035,OnshoreWind,Oahu,WND,0,0,0
Oahu_OnshoreWind_OnWind_107,2040,OnshoreWind,Oahu,WND,0,0,0
Oahu_OnshoreWind_OnWind_107,2045,OnshoreWind,Oahu,WND,0,0,0
Oahu_OnshoreWind_OnWind_201,2020,OnshoreWind,Oahu,WND,0,0,0
Oahu_OnshoreWind_OnWind_201,2022,OnshoreWind,Oahu,WND,0,0,0
Oahu_OnshoreWind_OnWind_201,2025,OnshoreWind,Oahu,WND,0,0,0
Oahu_OnshoreWind_OnWind_201,2030,OnshoreWind,Oahu,WND,0,0,0
Oahu_OnshoreWind_OnWind_201,2035,OnshoreWind,Oahu,WND,0,0,0
Oahu_OnshoreWind_OnWind_201,2040,OnshoreWind,Oahu,WND,0,0,0
Oahu_OnshoreWind_OnWind_201,2045,OnshoreWind,Oahu,WND,0,0,0
Oahu_OnshoreWind_OnWind_202,2020,OnshoreWind,Oahu,WND,0,0,0
Oahu_OnshoreWind_OnWind_202,2022,OnshoreWind,Oahu,WND,0,0,0
Oahu_OnshoreWind_OnWind_202,2025,OnshoreWind,Oahu,WND,0,0,0
Oahu_OnshoreWind_OnWind_202,2030,OnshoreWind,Oahu,WND,0,0,0
Oahu_OnshoreWind_OnWind_202,2035,OnshoreWind,Oahu,WND,0,0,0
Oahu_OnshoreWind_OnWind_202,2040,OnshoreWind,Oahu,WND,0,0,0
Oahu_OnshoreWind_OnWind_202,2045,OnshoreWind,Oahu,WND,0,0,0
Oahu_OnshoreWind_OnWind_203,2020,OnshoreWind,Oahu,WND,0,0,0
Oahu_OnshoreWind_OnWind_203,2022,OnshoreWind,Oahu,WND,0,0,0
Oahu_OnshoreWind_OnWind_203,2025,OnshoreWind,Oahu,WND,0,0,0
Oahu_OnshoreWind_OnWind_203,2030,OnshoreWind,Oahu,WND,0,0,0
Oahu_OnshoreWind_OnWind_203,2035,OnshoreWind,Oahu,WND,0,0,0
Oahu_OnshoreWind_OnWind_203,2040,OnshoreWind,Oahu,WND,0,0,0
Oahu_OnshoreWind_OnWind_203,2045,OnshoreWind,Oahu,WND,0,0,0
Oahu_OnshoreWind_OnWind_204,2020,OnshoreWind,Oahu,WND,0,0,0
Oahu_OnshoreWind_OnWind_204,2022,OnshoreWind,Oahu,WND,0,0,0
Oahu_OnshoreWind_OnWind_204,2025,OnshoreWind,Oahu,WND,0,0,0
Oahu_OnshoreWind_OnWind_204,2030,OnshoreWind,Oahu,WND,0,0,0
Oahu_OnshoreWind_OnWind_204,2035,OnshoreWind,Oahu,WND,0,0,0
Oahu_OnshoreWind_OnWind_204,2040,OnshoreWind,Oahu,WND,0,0,0
Oahu_OnshoreWind_OnWind_204,2045,OnshoreWind,Oahu,WND,0,0,0
Oahu_OnshoreWind_OnWind_205,2020,OnshoreWind,Oahu,WND,0,0,0
Oahu_OnshoreWind_OnWind_205,2022,OnshoreWind,Oahu,WND,0,0,0
Oahu_OnshoreWind_OnWind_205,2025,OnshoreWind,Oahu,WND,0,0,0
Oahu_OnshoreWind_OnWind_205,2030,OnshoreWind,Oahu,WND,0,0,0
Oahu_OnshoreWind_OnWind_205,2035,OnshoreWind,Oahu,WND,0,0,0
Oahu_OnshoreWind_OnWind_205,2040,OnshoreWind,Oahu,WND,0,0,0
Oahu_OnshoreWind_OnWind_205,2045,OnshoreWind,Oahu,WND,0,0,0
Oahu_OnshoreWind_OnWind_206,2020,OnshoreWind,Oahu,WND,0,0,0
Oahu_OnshoreWind_OnWind_206,2022,OnshoreWind,Oahu,WND,0,0,0
Oahu_OnshoreWind_OnWind_206,2025,OnshoreWind,Oahu,WND,0,0,0
Oahu_OnshoreWind_OnWind_206,2030,OnshoreWind,Oahu,WND,0,0,0
Oahu_OnshoreWind_OnWind_206,2035,OnshoreWind,Oahu,WND,0,0,0
Oahu_OnshoreWind_OnWind_206,2040,OnshoreWind,Oahu,WND,0,0,0
Oahu_OnshoreWind_OnWind_206,2045,OnshoreWind,Oahu,WND,0,0,0
Oahu_OnshoreWind_OnWind_207,2020,OnshoreWind,Oahu,WND,0,0,0
Oahu_OnshoreWind_OnWind_207,2022,OnshoreWind,Oahu,WND,0,0,0
Oahu_OnshoreWind_OnWind_207,2025,OnshoreWind,Oahu,WND,0,0,0
Oahu_OnshoreWind_OnWind_207,2030,OnshoreWind,Oahu,WND,0,0,0
Oahu_OnshoreWind_OnWind_207,2035,OnshoreWind,Oahu,WND,0,0,0
Oahu_OnshoreWind_OnWind_207,2040,OnshoreWind,Oahu,WND,0,0,0
Oahu_OnshoreWind_OnWind_207,2045,OnshoreWind,Oahu,WND,0,0,0
Oahu_OnshoreWind_OnWind_208,2020,OnshoreWind,Oahu,WND,0,0,0
Oahu_OnshoreWind_OnWind_208,2022,OnshoreWind,Oahu,WND,0,0,0
Oahu_OnshoreWind_OnWind_208,2025,OnshoreWind,Oahu,WND,0,0,0
Oahu_OnshoreWind_OnWind_208,2030,OnshoreWind,Oahu,WND,0,0,0
Oahu_OnshoreWind_OnWind_208,2035,OnshoreWind,Oahu,WND,0,0,0
Oahu_OnshoreWind_OnWind_208,2040,OnshoreWind,Oahu,WND,0,0,0
Oahu_OnshoreWind_OnWind_208,2045,OnshoreWind,Oahu,WND,0,0,0
Oahu_OnshoreWind_OnWind_209,2020,OnshoreWind,Oahu,WND,0,0,0
Oahu_OnshoreWind_OnWind_209,2022,OnshoreWind,Oahu,WND,0,0,0
Oahu_OnshoreWind_OnWind_209,2025,OnshoreWind,Oahu,WND,0,0,0
Oahu_OnshoreWind_OnWind_209,2030,OnshoreWind,Oahu,WND,0,0,0
Oahu_OnshoreWind_OnWind_209,2035,OnshoreWind,Oahu,WND,0,0,0
Oahu_OnshoreWind_OnWind_209,2040,OnshoreWind,Oahu,WND,0,0,0
Oahu_OnshoreWind_OnWind_209,2045,OnshoreWind,Oahu,WND,0,0,0
Oahu_OnshoreWind_OnWind_301,2020,OnshoreWind,Oahu,WND,0,0,0
Oahu_OnshoreWind_OnWind_301,2022,OnshoreWind,Oahu,WND,0,0,0
Oahu_OnshoreWind_OnWind_301,2025,OnshoreWind,Oahu,WND,0,0,0
Oahu_OnshoreWind_OnWind_301,2030,OnshoreWind,Oahu,WND,0,0,0
Oahu_OnshoreWind_OnWind_301,2035,OnshoreWind,Oahu,WND,0,0,0
Oahu_OnshoreWind_OnWind_301,2040,OnshoreWind,Oahu,WND,0,0,0
Oahu_OnshoreWind_OnWind_301,2045,OnshoreWind,Oahu,WND,0,0,0
Oahu_OnshoreWind_OnWind_302,2020,OnshoreWind,Oahu,WND,0,0,0
Oahu_OnshoreWind_OnWind_302,2022,OnshoreWind,Oahu,WND,0,0,0
Oahu_OnshoreWind_OnWind_302,2025,OnshoreWind,Oahu,WND,0,0,0
Oahu_OnshoreWind_OnWind_302,2030,OnshoreWind,Oahu,WND,0,0,0
Oahu_OnshoreWind_OnWind_302,2035,OnshoreWind,Oahu,WND,0,0,0
Oahu_OnshoreWind_OnWind_302,2040,OnshoreWind,Oahu,WND,0,0,0
Oahu_OnshoreWind_OnWind_302,2045,OnshoreWind,Oahu,WND,0,0,0
Oahu_OnshoreWind_OnWind_303,2020,OnshoreWind,Oahu,WND,0,0,0
Oahu_OnshoreWind_OnWind_303,2022,OnshoreWind,Oahu,WND,0,0,0
Oahu_OnshoreWind_OnWind_303,2025,OnshoreWind,Oahu,WND,0,0,0
Oahu_OnshoreWind_OnWind_303,2030,OnshoreWind,Oahu,WND,0,0,0
Oahu_OnshoreWind_OnWind_303,2035,OnshoreWind,Oahu,WND,0,0,0
Oahu_OnshoreWind_OnWind_303,2040,OnshoreWind,Oahu,WND,0,0,0
Oahu_OnshoreWind_OnWind_303,2045,OnshoreWind,Oahu,WND,0,0,0
Oahu_OnshoreWind_OnWind_304,2020,OnshoreWind,Oahu,WND,0,0,0
Oahu_OnshoreWind_OnWind_304,2022,OnshoreWind,Oahu,WND,0,0,0
Oahu_OnshoreWind_OnWind_304,2025,OnshoreWind,Oahu,WND,0,0,0
Oahu_OnshoreWind_OnWind_304,2030,OnshoreWind,Oahu,WND,0,0,0
Oahu_OnshoreWind_OnWind_304,2035,OnshoreWind,Oahu,WND,0,0,0
Oahu_OnshoreWind_OnWind_304,2040,OnshoreWind,Oahu,WND,0,0,0
Oahu_OnshoreWind_OnWind_304,2045,OnshoreWind,Oahu,WND,0,0,0
Oahu_OnshoreWind_OnWind_305,2020,OnshoreWind,Oahu,WND,0,0,0
Oahu_OnshoreWind_OnWind_305,2022,OnshoreWind,Oahu,WND,0,0,0
Oahu_OnshoreWind_OnWind_305,2025,OnshoreWind,Oahu,WND,0,0,0
Oahu_OnshoreWind_OnWind_305,2030,OnshoreWind,Oahu,WND,0,0,0
Oahu_OnshoreWind_OnWind_305,2035,OnshoreWind,Oahu,WND,0,0,0
Oahu_OnshoreWind_OnWind_305,2040,OnshoreWind,Oahu,WND,0,0,0
Oahu_OnshoreWind_OnWind_305,2045,OnshoreWind,Oahu,WND,0,0,0
Oahu_OnshoreWind_OnWind_306,2020,OnshoreWind,Oahu,WND,0,0,0
Oahu_OnshoreWind_OnWind_306,2022,OnshoreWind,Oahu,WND,0,0,0
Oahu_OnshoreWind_OnWind_306,2025,OnshoreWind,Oahu,WND,0,0,0
Oahu_OnshoreWind_OnWind_306,2030,OnshoreWind,Oahu,WND,0,0,0
Oahu_OnshoreWind_OnWind_306,2035,OnshoreWind,Oahu,WND,0,0,0
Oahu_OnshoreWind_OnWind_306,2040,OnshoreWind,Oahu,WND,0,0,0
Oahu_OnshoreWind_OnWind_306,2045,OnshoreWind,Oahu,WND,0,0,0
Oahu_OnshoreWind_OnWind_307,2020,OnshoreWind,Oahu,WND,0,0,0
Oahu_OnshoreWind_OnWind_307,2022,OnshoreWind,Oahu,WND,0,0,0
Oahu_OnshoreWind_OnWind_307,2025,OnshoreWind,Oahu,WND,0,0,0
Oahu_OnshoreWind_OnWind_307,2030,OnshoreWind,Oahu,WND,0,0,0
Oahu_OnshoreWind_OnWind_307,2035,OnshoreWind,Oahu,WND,0,0,0
Oahu_OnshoreWind_OnWind_307,2040,OnshoreWind,Oahu,WND,0,0,0
Oahu_OnshoreWind_OnWind_307,2045,OnshoreWind,Oahu,WND,0,0,0
Oahu_OnshoreWind_OnWind_308,2020,OnshoreWind,Oahu,WND,0,0,0
Oahu_OnshoreWind_OnWind_308,2022,OnshoreWind,Oahu,WND,0,0,0
Oahu_OnshoreWind_OnWind_308,2025,OnshoreWind,Oahu,WND,0,0,0
Oahu_OnshoreWind_OnWind_308,2030,OnshoreWind,Oahu,WND,0,0,0
Oahu_OnshoreWind_OnWind_308,2035,OnshoreWind,Oahu,WND,0,0,0
Oahu_OnshoreWind_OnWind_308,2040,OnshoreWind,Oahu,WND,0,0,0
Oahu_OnshoreWind_OnWind_308,2045,OnshoreWind,Oahu,WND,0,0,0
Oahu_OnshoreWind_OnWind_309,2020,OnshoreWind,Oahu,WND,0,0,0
Oahu_OnshoreWind_OnWind_309,2022,OnshoreWind,Oahu,WND,0,0,0
Oahu_OnshoreWind_OnWind_309,2025,OnshoreWind,Oahu,WND,0,0,0
Oahu_OnshoreWind_OnWind_309,2030,OnshoreWind,Oahu,WND,0,0,0
Oahu_OnshoreWind_OnWind_309,2035,OnshoreWind,Oahu,WND,0,0,0
Oahu_OnshoreWind_OnWind_309,2040,OnshoreWind,Oahu,WND,0,0,0
Oahu_OnshoreWind_OnWind_309,2045,OnshoreWind,Oahu,WND,0,0,0
Oahu_OnshoreWind_OnWind_401,2020,OnshoreWind,Oahu,WND,0,0,0
Oahu_OnshoreWind_OnWind_401,2022,OnshoreWind,Oahu,WND,0,0,0
Oahu_OnshoreWind_OnWind_401,2025,OnshoreWind,Oahu,WND,0,0,0
Oahu_OnshoreWind_OnWind_401,2030,OnshoreWind,Oahu,WND,0,0,0
Oahu_OnshoreWind_OnWind_401,2035,OnshoreWind,Oahu,WND,0,0,0
Oahu_OnshoreWind_OnWind_401,2040,OnshoreWind,Oahu,WND,0,0,0
Oahu_OnshoreWind_OnWind_401,2045,OnshoreWind,Oahu,WND,3.64715,404948,133792
Oahu_OnshoreWind_OnWind_402,2020,OnshoreWind,Oahu,WND,0,0,0
Oahu_OnshoreWind_OnWind_402,2022,OnshoreWind,Oahu,WND,0,0,0
Oahu_OnshoreWind_OnWind_402,2025,OnshoreWind,Oahu,WND,0,0,0
Oahu_OnshoreWind_OnWind_402,2030,OnshoreWind,Oahu,WND,0,0,0
Oahu_OnshoreWind_OnWind_402,2035,OnshoreWind,Oahu,WND,0,0,0
Oahu_OnshoreWind_OnWind_402,2040,OnshoreWind,Oahu,WND,0,0,0
Oahu_OnshoreWind_OnWind_402,2045,OnshoreWind,Oahu,WND,0,0,0
Oahu_OnshoreWind_OnWind_403,2020,OnshoreWind,Oahu,WND,0,0,0
Oahu_OnshoreWind_OnWind_403,2022,OnshoreWind,Oahu,WND,0,0,0
Oahu_OnshoreWind_OnWind_403,2025,OnshoreWind,Oahu,WND,0,0,0
Oahu_OnshoreWind_OnWind_403,2030,OnshoreWind,Oahu,WND,0,0,0
Oahu_OnshoreWind_OnWind_403,2035,OnshoreWind,Oahu,WND,0,0,0
Oahu_OnshoreWind_OnWind_403,2040,OnshoreWind,Oahu,WND,0,0,0
Oahu_OnshoreWind_OnWind_403,2045,OnshoreWind,Oahu,WND,0,0,0
Oahu_OnshoreWind_OnWind_404,2020,OnshoreWind,Oahu,WND,0,0,0
Oahu_OnshoreWind_OnWind_404,2022,OnshoreWind,Oahu,WND,0,0,0
Oahu_OnshoreWind_OnWind_404,2025,OnshoreWind,Oahu,WND,0,0,0
Oahu_OnshoreWind_OnWind_404,2030,OnshoreWind,Oahu,WND,0,0,0
Oahu_OnshoreWind_OnWind_404,2035,OnshoreWind,Oahu,WND,0,0,0
Oahu_OnshoreWind_OnWind_404,2040,OnshoreWind,Oahu,WND,0,0,0
Oahu_OnshoreWind_OnWind_404,2045,OnshoreWind,Oahu,WND,0,0,0
Oahu_OnshoreWind_OnWind_405,2020,OnshoreWind,Oahu,WND,0,0,0
Oahu_OnshoreWind_OnWind_405,2022,OnshoreWind,Oahu,WND,0,0,0
Oahu_OnshoreWind_OnWind_405,2025,OnshoreWind,Oahu,WND,0,0,0
Oahu_OnshoreWind_OnWind_405,2030,OnshoreWind,Oahu,WND,0,0,0
Oahu_OnshoreWind_OnWind_405,2035,OnshoreWind,Oahu,WND,0,0,0
Oahu_OnshoreWind_OnWind_405,2040,OnshoreWind,Oahu,WND,0,0,0
Oahu_OnshoreWind_OnWind_405,2045,OnshoreWind,Oahu,WND,0,0,0
Oahu_OnshoreWind_OnWind_406,2020,OnshoreWind,Oahu,WND,0,0,0
Oahu_OnshoreWind_OnWind_406,2022,OnshoreWind,Oahu,WND,0,0,0
Oahu_OnshoreWind_OnWind_406,2025,OnshoreWind,Oahu,WND,0,0,0
Oahu_OnshoreWind_OnWind_406,2030,OnshoreWind,Oahu,WND,0,0,0
Oahu_OnshoreWind_OnWind_406,2035,OnshoreWind,Oahu,WND,0,0,0
Oahu_OnshoreWind_OnWind_406,2040,OnshoreWind,Oahu,WND,0,0,0
Oahu_OnshoreWind_OnWind_406,2045,OnshoreWind,Oahu,WND,0,0,0
Oahu_OnshoreWind_OnWind_407,2020,OnshoreWind,Oahu,WND,0,0,0
Oahu_OnshoreWind_OnWind_407,2022,OnshoreWind,Oahu,WND,0,0,0
Oahu_OnshoreWind_OnWind_407,2025,OnshoreWind,Oahu,WND,0,0,0
Oahu_OnshoreWind_OnWind_407,2030,OnshoreWind,Oahu,WND,0,0,0
Oahu_OnshoreWind_OnWind_407,2035,OnshoreWind,Oahu,WND,0,0,0
Oahu_OnshoreWind_OnWind_407,2040,OnshoreWind,Oahu,WND,0,0,0
Oahu_OnshoreWind_OnWind_407,2045,OnshoreWind,Oahu,WND,0,0,0
Oahu_OnshoreWind_OnWind_408,2020,OnshoreWind,Oahu,WND,0,0,0
Oahu_OnshoreWind_OnWind_408,2022,OnshoreWind,Oahu,WND,0,0,0
Oahu_OnshoreWind_OnWind_408,2025,OnshoreWind,Oahu,WND,0,0,0
Oahu_OnshoreWind_OnWind_408,2030,OnshoreWind,Oahu,WND,0,0,0
Oahu_OnshoreWind_OnWind_408,2035,OnshoreWind,Oahu,WND,0,0,0
Oahu_OnshoreWind_OnWind_408,2040,OnshoreWind,Oahu,WND,0,0,0
Oahu_OnshoreWind_OnWind_408,2045,OnshoreWind,Oahu,WND,0,0,0
Oahu_OnshoreWind_OnWind_409,2020,OnshoreWind,Oahu,WND,0,0,0
Oahu_OnshoreWind_OnWind_409,2022,OnshoreWind,Oahu,WND,0,0,0
Oahu_OnshoreWind_OnWind_409,2025,OnshoreWind,Oahu,WND,0,0,0
Oahu_OnshoreWind_OnWind_409,2030,OnshoreWind,Oahu,WND,0,0,0
Oahu_OnshoreWind_OnWind_409,2035,OnshoreWind,Oahu,WND,0,0,0
Oahu_OnshoreWind_OnWind_409,2040,OnshoreWind,Oahu,WND,0,0,0
Oahu_OnshoreWind_OnWind_409,2045,OnshoreWind,Oahu,WND,0,0,0
Oahu_OnshoreWind_OnWind_410,2020,OnshoreWind,Oahu,WND,0,0,0
Oahu_OnshoreWind_OnWind_410,2022,OnshoreWind,Oahu,WND,0,0,0
Oahu_OnshoreWind_OnWind_410,2025,OnshoreWind,Oahu,WND,0,0,0
Oahu_OnshoreWind_OnWind_410,2030,OnshoreWind,Oahu,WND,0,0,0
Oahu_OnshoreWind_OnWind_410,2035,OnshoreWind,Oahu,WND,0,0,0
Oahu_OnshoreWind_OnWind_410,2040,OnshoreWind,Oahu,WND,0,0,0
Oahu_OnshoreWind_OnWind_410,2045,OnshoreWind,Oahu,WND,0,0,0
Oahu_OnshoreWind_OnWind_501,2020,OnshoreWind,Oahu,WND,24,3.87947e+06,1.08233e+06
Oahu_OnshoreWind_OnWind_501,2022,OnshoreWind,Oahu,WND,24,3.87947e+06,1.08233e+06
Oahu_OnshoreWind_OnWind_501,2025,OnshoreWind,Oahu,WND,24,3.87947e+06,1.08233e+06
Oahu_OnshoreWind_OnWind_501,2030,OnshoreWind,Oahu,WND,24,3.87947e+06,1.08233e+06
Oahu_OnshoreWind_OnWind_501,2035,OnshoreWind,Oahu,WND,24,3.87947e+06,1.08233e+06
Oahu_OnshoreWind_OnWind_501,2040,OnshoreWind,Oahu,WND,24,3.87947e+06,1.08233e+06
Oahu_OnshoreWind_OnWind_501,2045,OnshoreWind,Oahu,WND,242.5,2.82763e+07,9.09778e+06
Oahu_OnshoreWind_OnWind_502,2020,OnshoreWind,Oahu,WND,0,0,0
Oahu_OnshoreWind_OnWind_502,2022,OnshoreWind,Oahu,WND,0,0,0
Oahu_OnshoreWind_OnWind_502,2025,OnshoreWind,Oahu,WND,0,0,0
Oahu_OnshoreWind_OnWind_502,2030,OnshoreWind,Oahu,WND,0,0,0
Oahu_OnshoreWind_OnWind_502,2035,OnshoreWind,Oahu,WND,0,0,0
Oahu_OnshoreWind_OnWind_502,2040,OnshoreWind,Oahu,WND,0,0,0
Oahu_OnshoreWind_OnWind_502,2045,OnshoreWind,Oahu,WND,42.5,4.72038e+06,1.55907e+06
Oahu_OnshoreWind_OnWind_503,2020,OnshoreWind,Oahu,WND,0,0,0
Oahu_OnshoreWind_OnWind_503,2022,OnshoreWind,Oahu,WND,0,0,0
Oahu_OnshoreWind_OnWind_503,2025,OnshoreWind,Oahu,WND,0,0,0
Oahu_OnshoreWind_OnWind_503,2030,OnshoreWind,Oahu,WND,0,0,0
Oahu_OnshoreWind_OnWind_503,2035,OnshoreWind,Oahu,WND,0,0,0
Oahu_OnshoreWind_OnWind_503,2040,OnshoreWind,Oahu,WND,0,0,0
Oahu_OnshoreWind_OnWind_503,2045,OnshoreWind,Oahu,WND,0,0,0
Oahu_OnshoreWind_OnWind_504,2020,OnshoreWind,Oahu,WND,0,0,0
Oahu_OnshoreWind_OnWind_504,2022,OnshoreWind,Oahu,WND,0,0,0
Oahu_OnshoreWind_OnWind_504,2025,OnshoreWind,Oahu,WND,0,0,0
Oahu_OnshoreWind_OnWind_504,2030,OnshoreWind,Oahu,WND,0,0,0
Oahu_OnshoreWind_OnWind_504,2035,OnshoreWind,Oahu,WND,0,0,0
Oahu_OnshoreWind_OnWind_504,2040,OnshoreWind,Oahu,WND,0,0,0
Oahu_OnshoreWind_OnWind_504,2045,OnshoreWind,Oahu,WND,20,2.19378e+06,733679
Oahu_OnshoreWind_OnWind_505,2020,OnshoreWind,Oahu,WND,0,0,0
Oahu_OnshoreWind_OnWind_505,2022,OnshoreWind,Oahu,WND,0,0,0
Oahu_OnshoreWind_OnWind_505,2025,OnshoreWind,Oahu,WND,0,0,0
Oahu_OnshoreWind_OnWind_505,2030,OnshoreWind,Oahu,WND,0,0,0
Oahu_OnshoreWind_OnWind_505,2035,OnshoreWind,Oahu,WND,0,0,0
Oahu_OnshoreWind_OnWind_505,2040,OnshoreWind,Oahu,WND,0,0,0
Oahu_OnshoreWind_OnWind_505,2045,OnshoreWind,Oahu,WND,0,0,0
Oahu_OnshoreWind_OnWind_506,2020,OnshoreWind,Oahu,WND,0,0,0
Oahu_OnshoreWind_OnWind_506,2022,OnshoreWind,Oahu,WND,0,0,0
Oahu_OnshoreWind_OnWind_506,2025,OnshoreWind,Oahu,WND,0,0,0
Oahu_OnshoreWind_OnWind_506,2030,OnshoreWind,Oahu,WND,0,0,0
Oahu_OnshoreWind_OnWind_506,2035,OnshoreWind,Oahu,WND,0,0,0
Oahu_OnshoreWind_OnWind_506,2040,OnshoreWind,Oahu,WND,0,0,0
Oahu_OnshoreWind_OnWind_506,2045,OnshoreWind,Oahu,WND,0,0,0
Oahu_OnshoreWind_OnWind_507,2020,OnshoreWind,Oahu,WND,0,0,0
Oahu_OnshoreWind_OnWind_507,2022,OnshoreWind,Oahu,WND,0,0,0
Oahu_OnshoreWind_OnWind_507,2025,OnshoreWind,Oahu,WND,0,0,0
Oahu_OnshoreWind_OnWind_507,2030,OnshoreWind,Oahu,WND,0,0,0
Oahu_OnshoreWind_OnWind_507,2035,OnshoreWind,Oahu,WND,0,0,0
Oahu_OnshoreWind_OnWind_507,2040,OnshoreWind,Oahu,WND,0,0,0
Oahu_OnshoreWind_OnWind_507,2045,OnshoreWind,Oahu,WND,0,0,0
Oahu_OnshoreWind_OnWind_508,2020,OnshoreWind,Oahu,WND,0,0,0
Oahu_OnshoreWind_OnWind_508,2022,OnshoreWind,Oahu,WND,0,0,0
Oahu_OnshoreWind_OnWind_508,2025,OnshoreWind,Oahu,WND,0,0,0
Oahu_OnshoreWind_OnWind_508,2030,OnshoreWind,Oahu,WND,0,0,0
Oahu_OnshoreWind_OnWind_508,2035,OnshoreWind,Oahu,WND,0,0,0
Oahu_OnshoreWind_OnWind_508,2040,OnshoreWind,Oahu,WND,0,0,0
Oahu_OnshoreWind_OnWind_508,2045,OnshoreWind,Oahu,WND,0,0,0
Oahu_OnshoreWind_OnWind_509,2020,OnshoreWind,Oahu,WND,0,0,0
Oahu_OnshoreWind_OnWind_509,2022,OnshoreWind,Oahu,WND,0,0,0
Oahu_OnshoreWind_OnWind_509,2025,OnshoreWind,Oahu,WND,0,0,0
Oahu_OnshoreWind_OnWind_509,2030,OnshoreWind,Oahu,WND,0,0,0
Oahu_OnshoreWind_OnWind_509,2035,OnshoreWind,Oahu,WND,0,0,0
Oahu_OnshoreWind_OnWind_509,2040,OnshoreWind,Oahu,WND,0,0,0
Oahu_OnshoreWind_OnWind_509,2045,OnshoreWind,Oahu,WND,0,0,0
Oahu_OnshoreWind_OnWind_Kahuku,2020,OnshoreWind,Oahu,WND,30,1.44845e+07,1.57234e+06
Oahu_OnshoreWind_OnWind_Kahuku,2022,OnshoreWind,Oahu,WND,30,1.44845e+07,1.57234e+06
Oahu_OnshoreWind_OnWind_Kahuku,2025,OnshoreWind,Oahu,WND,30,1.44845e+07,1.57234e+06
Oahu_OnshoreWind_OnWind_Kahuku,2030,OnshoreWind,Oahu,WND,30,1.44845e+07,1.57234e+06
Oahu_OnshoreWind_OnWind_Kahuku,2035,OnshoreWind,Oahu,WND,30,1.44845e+07,1.57234e+06
Oahu_OnshoreWind_OnWind_Kahuku,2040,OnshoreWind,Oahu,WND,30,1.44845e+07,1.57234e+06
Oahu_OnshoreWind_OnWind_Kahuku,2045,OnshoreWind,Oahu,WND,30,3.35088e+06,1.10052e+06
Oahu_OnshoreWind_OnWind_Kawailoa,2020,OnshoreWind,Oahu,WND,69,2.51656e+07,3.61638e+06
Oahu_OnshoreWind_OnWind_Kawailoa,2022,OnshoreWind,Oahu,WND,69,2.51656e+07,3.61638e+06
Oahu_OnshoreWind_OnWind_Kawailoa,2025,OnshoreWind,Oahu,WND,69,2.51656e+07,3.61638e+06
Oahu_OnshoreWind_OnWind_Kawailoa,2030,OnshoreWind,Oahu,WND,69,2.51656e+07,3.61638e+06
Oahu_OnshoreWind_OnWind_Kawailoa,2035,OnshoreWind,Oahu,WND,69,2.51656e+07,3.61638e+06
Oahu_OnshoreWind_OnWind_Kawailoa,2040,OnshoreWind,Oahu,WND,69,2.51656e+07,3.61638e+06
Oahu_OnshoreWind_OnWind_Kawailoa,2045,OnshoreWind,Oahu,WND,69,7.68478e+06,2.53119e+06
Oahu_SlopedDistPV_Oahu_SlopedDistPV_0,2020,SlopedDistPV,Oahu,SUN,13.5819,6.54383e+06,0
Oahu_SlopedDistPV_Oahu_SlopedDistPV_0,2022,SlopedDistPV,Oahu,SUN,13.5819,6.54383e+06,0
Oahu_SlopedDistPV_Oahu_SlopedDistPV_0,2025,SlopedDistPV,Oahu,SUN,13.5819,6.54383e+06,0
Oahu_SlopedDistPV_Oahu_SlopedDistPV_0,2030,SlopedDistPV,Oahu,SUN,13.5819,6.54383e+06,0
Oahu_SlopedDistPV_Oahu_SlopedDistPV_0,2035,SlopedDistPV,Oahu,SUN,13.5819,6.54383e+06,0
Oahu_SlopedDistPV_Oahu_SlopedDistPV_0,2040,SlopedDistPV,Oahu,SUN,13.5819,6.54383e+06,0
Oahu_SlopedDistPV_Oahu_SlopedDistPV_0,2045,SlopedDistPV,Oahu,SUN,13.5819,6.54383e+06,0
Oahu_SlopedDistPV_Oahu_SlopedDistPV_1,2020,SlopedDistPV,Oahu,SUN,27.5409,1.32693e+07,0
Oahu_SlopedDistPV_Oahu_SlopedDistPV_1,2022,SlopedDistPV,Oahu,SUN,27.5409,1.32693e+07,0
Oahu_SlopedDistPV_Oahu_SlopedDistPV_1,2025,SlopedDistPV,Oahu,SUN,27.5409,1.32693e+07,0
Oahu_SlopedDistPV_Oahu_SlopedDistPV_1,2030,SlopedDistPV,Oahu,SUN,27.5409,1.32693e+07,0
Oahu_SlopedDistPV_Oahu_SlopedDistPV_1,2035,SlopedDistPV,Oahu,SUN,27.5409,1.32693e+07,0
Oahu_SlopedDistPV_Oahu_SlopedDistPV_1,2040,SlopedDistPV,Oahu,SUN,27.5409,1.32693e+07,0
Oahu_SlopedDistPV_Oahu_SlopedDistPV_1,2045,SlopedDistPV,Oahu,SUN,27.5409,1.32693e+07,0
Oahu_SlopedDistPV_Oahu_SlopedDistPV_10,2020,SlopedDistPV,Oahu,SUN,34.8927,1.68115e+07,0
Oahu_SlopedDistPV_Oahu_SlopedDistPV_10,2022,SlopedDistPV,Oahu,SUN,34.8927,1.68115e+07,0
Oahu_SlopedDistPV_Oahu_SlopedDistPV_10,2025,SlopedDistPV,Oahu,SUN,34.8927,1.68115e+07,0
Oahu_SlopedDistPV_Oahu_SlopedDistPV_10,2030,SlopedDistPV,Oahu,SUN,34.8927,1.68115e+07,0
Oahu_SlopedDistPV_Oahu_SlopedDistPV_10,2035,SlopedDistPV,Oahu,SUN,34.8927,1.68115e+07,0
Oahu_SlopedDistPV_Oahu_SlopedDistPV_10,2040,SlopedDistPV,Oahu,SUN,34.8927,1.68115e+07,0
Oahu_SlopedDistPV_Oahu_SlopedDistPV_10,2045,SlopedDistPV,Oahu,SUN,34.8927,1.68115e+07,0
Oahu_SlopedDistPV_Oahu_SlopedDistPV_11,2020,SlopedDistPV,Oahu,SUN,0,0,0
Oahu_SlopedDistPV_Oahu_SlopedDistPV_11,2022,SlopedDistPV,Oahu,SUN,0,0,0
Oahu_SlopedDistPV_Oahu_SlopedDistPV_11,2025,SlopedDistPV,Oahu,SUN,0,0,0
Oahu_SlopedDistPV_Oahu_SlopedDistPV_11,2030,SlopedDistPV,Oahu,SUN,0,0,0
Oahu_SlopedDistPV_Oahu_SlopedDistPV_11,2035,SlopedDistPV,Oahu,SUN,0,0,0
Oahu_SlopedDistPV_Oahu_SlopedDistPV_11,2040,SlopedDistPV,Oahu,SUN,0,0,0
Oahu_SlopedDistPV_Oahu_SlopedDistPV_11,2045,SlopedDistPV,Oahu,SUN,0,0,0
Oahu_SlopedDistPV_Oahu_SlopedDistPV_12,2020,SlopedDistPV,Oahu,SUN,44.2252,2.13079e+07,0
Oahu_SlopedDistPV_Oahu_SlopedDistPV_12,2022,SlopedDistPV,Oahu,SUN,44.2252,2.13079e+07,0
Oahu_SlopedDistPV_Oahu_SlopedDistPV_12,2025,SlopedDistPV,Oahu,SUN,44.2252,2.13079e+07,0
Oahu_SlopedDistPV_Oahu_SlopedDistPV_12,2030,SlopedDistPV,Oahu,SUN,44.2252,2.13079e+07,0
Oahu_SlopedDistPV_Oahu_SlopedDistPV_12,2035,SlopedDistPV,Oahu,SUN,44.2252,2.13079e+07,0
Oahu_SlopedDistPV_Oahu_SlopedDistPV_12,2040,SlopedDistPV,Oahu,SUN,44.2252,2.13079e+07,0
Oahu_SlopedDistPV_Oahu_SlopedDistPV_12,2045,SlopedDistPV,Oahu,SUN,201.967,4.26544e+07,1.45102e+06
Oahu_SlopedDistPV_Oahu_SlopedDistPV_13,2020,SlopedDistPV,Oahu,SUN,13.2931,6.40469e+06,0
Oahu_SlopedDistPV_Oahu_SlopedDistPV_13,2022,SlopedDistPV,Oahu,SUN,13.2931,6.40469e+06,0
Oahu_SlopedDistPV_Oahu_SlopedDistPV_13,2025,SlopedDistPV,Oahu,SUN,13.2931,6.40469e+06,0
Oahu_SlopedDistPV_Oahu_SlopedDistPV_13,2030,SlopedDistPV,Oahu,SUN,13.2931,6.40469e+06,0
Oahu_SlopedDistPV_Oahu_SlopedDistPV_13,2035,SlopedDistPV,Oahu,SUN,13.2931,6.40469e+06,0
Oahu_SlopedDistPV_Oahu_SlopedDistPV_13,2040,SlopedDistPV,Oahu,SUN,13.2931,6.40469e+06,0
Oahu_SlopedDistPV_Oahu_SlopedDistPV_13,2045,SlopedDistPV,Oahu,SUN,25.0976,8.00214e+06,108586
Oahu_SlopedDistPV_Oahu_SlopedDistPV_14,2020,SlopedDistPV,Oahu,SUN,24.4751,1.17922e+07,0
Oahu_SlopedDistPV_Oahu_SlopedDistPV_14,2022,SlopedDistPV,Oahu,SUN,24.4751,1.17922e+07,0
Oahu_SlopedDistPV_Oahu_SlopedDistPV_14,2025,SlopedDistPV,Oahu,SUN,24.4751,1.17922e+07,0
Oahu_SlopedDistPV_Oahu_SlopedDistPV_14,2030,SlopedDistPV,Oahu,SUN,24.4751,1.17922e+07,0
Oahu_SlopedDistPV_Oahu_SlopedDistPV_14,2035,SlopedDistPV,Oahu,SUN,45.3688,1.51186e+07,226109
Oahu_SlopedDistPV_Oahu_SlopedDistPV_14,2040,SlopedDistPV,Oahu,SUN,129.244,2.70704e+07,1.03853e+06
Oahu_SlopedDistPV_Oahu_SlopedDistPV_14,2045,SlopedDistPV,Oahu,SUN,129.244,2.70704e+07,1.03853e+06
Oahu_SlopedDistPV_Oahu_SlopedDistPV_15,2020,SlopedDistPV,Oahu,SUN,0,0,0
Oahu_SlopedDistPV_Oahu_SlopedDistPV_15,2022,SlopedDistPV,Oahu,SUN,0,0,0
Oahu_SlopedDistPV_Oahu_SlopedDistPV_15,2025,SlopedDistPV,Oahu,SUN,0,0,0
Oahu_SlopedDistPV_Oahu_SlopedDistPV_15,2030,SlopedDistPV,Oahu,SUN,0,0,0
Oahu_SlopedDistPV_Oahu_SlopedDistPV_15,2035,SlopedDistPV,Oahu,SUN,0,0,0
Oahu_SlopedDistPV_Oahu_SlopedDistPV_15,2040,SlopedDistPV,Oahu,SUN,0,0,0
Oahu_SlopedDistPV_Oahu_SlopedDistPV_15,2045,SlopedDistPV,Oahu,SUN,0,0,0
Oahu_SlopedDistPV_Oahu_SlopedDistPV_2,2020,SlopedDistPV,Oahu,SUN,0,0,0
Oahu_SlopedDistPV_Oahu_SlopedDistPV_2,2022,SlopedDistPV,Oahu,SUN,0,0,0
Oahu_SlopedDistPV_Oahu_SlopedDistPV_2,2025,SlopedDistPV,Oahu,SUN,0,0,0
Oahu_SlopedDistPV_Oahu_SlopedDistPV_2,2030,SlopedDistPV,Oahu,SUN,0,0,0
Oahu_SlopedDistPV_Oahu_SlopedDistPV_2,2035,SlopedDistPV,Oahu,SUN,0,0,0
Oahu_SlopedDistPV_Oahu_SlopedDistPV_2,2040,SlopedDistPV,Oahu,SUN,0,0,0
Oahu_SlopedDistPV_Oahu_SlopedDistPV_2,2045,SlopedDistPV,Oahu,SUN,0,0,0
Oahu_SlopedDistPV_Oahu_SlopedDistPV_3,2020,SlopedDistPV,Oahu,SUN,0,0,0
Oahu_SlopedDistPV_Oahu_SlopedDistPV_3,2022,SlopedDistPV,Oahu,SUN,0,0,0
Oahu_SlopedDistPV_Oahu_SlopedDistPV_3,2025,SlopedDistPV,Oahu,SUN,0,0,0
Oahu_SlopedDistPV_Oahu_SlopedDistPV_3,2030,SlopedDistPV,Oahu,SUN,0,0,0
Oahu_SlopedDistPV_Oahu_SlopedDistPV_3,2035,SlopedDistPV,Oahu,SUN,0,0,0
Oahu_SlopedDistPV_Oahu_SlopedDistPV_3,2040,SlopedDistPV,Oahu,SUN,0,0,0
Oahu_SlopedDistPV_Oahu_SlopedDistPV_3,2045,SlopedDistPV,Oahu,SUN,0,0,0
Oahu_SlopedDistPV_Oahu_SlopedDistPV_4,2020,SlopedDistPV,Oahu,SUN,33.0415,1.59196e+07,0
Oahu_SlopedDistPV_Oahu_SlopedDistPV_4,2022,SlopedDistPV,Oahu,SUN,33.0415,1.59196e+07,0
Oahu_SlopedDistPV_Oahu_SlopedDistPV_4,2025,SlopedDistPV,Oahu,SUN,33.0415,1.59196e+07,0
Oahu_SlopedDistPV_Oahu_SlopedDistPV_4,2030,SlopedDistPV,Oahu,SUN,33.0415,1.59196e+07,0
Oahu_SlopedDistPV_Oahu_SlopedDistPV_4,2035,SlopedDistPV,Oahu,SUN,33.0415,1.59196e+07,0
Oahu_SlopedDistPV_Oahu_SlopedDistPV_4,2040,SlopedDistPV,Oahu,SUN,114.5,2.75271e+07,789017
Oahu_SlopedDistPV_Oahu_SlopedDistPV_4,2045,SlopedDistPV,Oahu,SUN,115.25,2.76286e+07,795914
Oahu_SlopedDistPV_Oahu_SlopedDistPV_5,2020,SlopedDistPV,Oahu,SUN,0,0,0
Oahu_SlopedDistPV_Oahu_SlopedDistPV_5,2022,SlopedDistPV,Oahu,SUN,0,0,0
Oahu_SlopedDistPV_Oahu_SlopedDistPV_5,2025,SlopedDistPV,Oahu,SUN,0,0,0
Oahu_SlopedDistPV_Oahu_SlopedDistPV_5,2030,SlopedDistPV,Oahu,SUN,0,0,0
Oahu_SlopedDistPV_Oahu_SlopedDistPV_5,2035,SlopedDistPV,Oahu,SUN,0,0,0
Oahu_SlopedDistPV_Oahu_SlopedDistPV_5,2040,SlopedDistPV,Oahu,SUN,0,0,0
Oahu_SlopedDistPV_Oahu_SlopedDistPV_5,2045,SlopedDistPV,Oahu,SUN,0,0,0
Oahu_SlopedDistPV_Oahu_SlopedDistPV_6,2020,SlopedDistPV,Oahu,SUN,21.3542,1.02886e+07,0
Oahu_SlopedDistPV_Oahu_SlopedDistPV_6,2022,SlopedDistPV,Oahu,SUN,21.3542,1.02886e+07,0
Oahu_SlopedDistPV_Oahu_SlopedDistPV_6,2025,SlopedDistPV,Oahu,SUN,21.3542,1.02886e+07,0
Oahu_SlopedDistPV_Oahu_SlopedDistPV_6,2030,SlopedDistPV,Oahu,SUN,21.3542,1.02886e+07,0
Oahu_SlopedDistPV_Oahu_SlopedDistPV_6,2035,SlopedDistPV,Oahu,SUN,21.3542,1.02886e+07,0
Oahu_SlopedDistPV_Oahu_SlopedDistPV_6,2040,SlopedDistPV,Oahu,SUN,21.3542,1.02886e+07,0
Oahu_SlopedDistPV_Oahu_SlopedDistPV_6,2045,SlopedDistPV,Oahu,SUN,21.3542,1.02886e+07,0
Oahu_SlopedDistPV_Oahu_SlopedDistPV_7,2020,SlopedDistPV,Oahu,SUN,22.5641,1.08715e+07,0
Oahu_SlopedDistPV_Oahu_SlopedDistPV_7,2022,SlopedDistPV,Oahu,SUN,22.5641,1.08715e+07,0
Oahu_SlopedDistPV_Oahu_SlopedDistPV_7,2025,SlopedDistPV,Oahu,SUN,22.5641,1.08715e+07,0
Oahu_SlopedDistPV_Oahu_SlopedDistPV_7,2030,SlopedDistPV,Oahu,SUN,22.5641,1.08715e+07,0
Oahu_SlopedDistPV_Oahu_SlopedDistPV_7,2035,SlopedDistPV,Oahu,SUN,22.5641,1.08715e+07,0
Oahu_SlopedDistPV_Oahu_SlopedDistPV_7,2040,SlopedDistPV,Oahu,SUN,22.5641,1.08715e+07,0
Oahu_SlopedDistPV_Oahu_SlopedDistPV_7,2045,SlopedDistPV,Oahu,SUN,22.5641,1.08715e+07,0
Oahu_SlopedDistPV_Oahu_SlopedDistPV_8,2020,SlopedDistPV,Oahu,SUN,0,0,0
Oahu_SlopedDistPV_Oahu_SlopedDistPV_8,2022,SlopedDistPV,Oahu,SUN,0,0,0
Oahu_SlopedDistPV_Oahu_SlopedDistPV_8,2025,SlopedDistPV,Oahu,SUN,0,0,0
Oahu_SlopedDistPV_Oahu_SlopedDistPV_8,2030,SlopedDistPV,Oahu,SUN,0,0,0
Oahu_SlopedDistPV_Oahu_SlopedDistPV_8,2035,SlopedDistPV,Oahu,SUN,0,0,0
Oahu_SlopedDistPV_Oahu_SlopedDistPV_8,2040,SlopedDistPV,Oahu,SUN,0,0,0
Oahu_SlopedDistPV_Oahu_SlopedDistPV_8,2045,SlopedDistPV,Oahu,SUN,0,0,0
Oahu_SlopedDistPV_Oahu_SlopedDistPV_9,2020,SlopedDistPV,Oahu,SUN,28.7673,1.38602e+07,0
Oahu_SlopedDistPV_Oahu_SlopedDistPV_9,2022,SlopedDistPV,Oahu,SUN,28.7673,1.38602e+07,0
Oahu_SlopedDistPV_Oahu_SlopedDistPV_9,2025,SlopedDistPV,Oahu,SUN,28.7673,1.38602e+07,0
Oahu_SlopedDistPV_Oahu_SlopedDistPV_9,2030,SlopedDistPV,Oahu,SUN,28.7673,1.38602e+07,0
Oahu_SlopedDistPV_Oahu_SlopedDistPV_9,2035,SlopedDistPV,Oahu,SUN,28.7673,1.38602e+07,0
Oahu_SlopedDistPV_Oahu_SlopedDistPV_9,2040,SlopedDistPV,Oahu,SUN,28.7673,1.38602e+07,0
Oahu_SlopedDistPV_Oahu_SlopedDistPV_9,2045,SlopedDistPV,Oahu,SUN,28.7673,1.38602e+07,0
Oahu_Waiau_10,2020,Waiau_10,Oahu,multiple,49.9,1.73911e+06,944401
Oahu_Waiau_10,2022,Waiau_10,Oahu,multiple,49.9,1.73911e+06,944401
Oahu_Waiau_10,2025,Waiau_10,Oahu,multiple,49.9,1.73911e+06,944401
Oahu_Waiau_10,2030,Waiau_10,Oahu,multiple,49.9,1.73911e+06,944401
Oahu_Waiau_10,2035,Waiau_10,Oahu,multiple,49.9,1.73911e+06,944401
Oahu_Waiau_10,2040,Waiau_10,Oahu,multiple,49.9,1.73911e+06,944401
Oahu_Waiau_10,2045,Waiau_10,Oahu,multiple,49.9,1.73911e+06,944401
Oahu_Waiau_6,2020,Waiau_6,Oahu,multiple,53.5,1.89786e+06,570897
Oahu_Waiau_7,2020,Waiau_7,Oahu,multiple,82.9,2.97037e+06,884624
Oahu_Waiau_8,2020,Waiau_8,Oahu,multiple,86.1,3.10028e+06,918771
Oahu_Waiau_9,2020,Waiau_9,Oahu,multiple,52.9,1.84366e+06,1.00118e+06
Oahu_Waiau_9,2022,Waiau_9,Oahu,multiple,52.9,1.84366e+06,1.00118e+06
Oahu_Waiau_9,2025,Waiau_9,Oahu,multiple,52.9,1.84366e+06,1.00118e+06
Oahu_Waiau_9,2030,Waiau_9,Oahu,multiple,52.9,1.84366e+06,1.00118e+06
Oahu_Waiau_9,2035,Waiau_9,Oahu,multiple,52.9,1.84366e+06,1.00118e+06
Oahu_Waiau_9,2040,Waiau_9,Oahu,multiple,52.9,1.84366e+06,1.00118e+06
Oahu_Waiau_9,2045,Waiau_9,Oahu,multiple,52.9,1.84366e+06,1.00118e+06
